<?xml version="1.0" encoding="UTF-8" standalone="yes"?>
<addon id="repository.z-flix" name="ZéFLix Repository" version="1.0" provider-name="rubentuga">
    <extension point="xbmc.addon.repository" name="ZéFLix Repository">
        <dir>
            <info compressed="false">https://raw.githubusercontent.com/rubentuga/repository.z-flix/master/repo/zips/addons.xml</info>
            <checksum>https://raw.githubusercontent.com/rubentuga/repository.z-flix/master/repo/zips/addons.xml.md5</checksum>
            <datadir zip="true">https://raw.githubusercontent.com/rubentuga/repository.z-flix/master/repo/zips/</datadir>
        </dir>
    </extension>
    <extension point="xbmc.addon.metadata">
        <summary>ZéFLix Repository</summary>
        <description>For my stuff</description>
        <disclaimer></disclaimer>
        <platform>all</platform>
        <assets>
            <icon>icon.png</icon>
            <fanart>fanart.jpg</fanart>
        </assets>
    </extension>
</addon>
