<?xml version="1.0" encoding="UTF-8" standalone="yes"?>
<addon id="plugin.program.zeflix-wiz" name="[COLOR FFFF0000][B]Zéflix[/B][/COLOR] Wizard" version="1.0.1" provider-name="Inacio, Slam, Sarge, Funsterbe, BYB">
    <requires>
        <import addon="xbmc.python" version="3.0.0" />
    </requires>

    <extension point="xbmc.python.pluginsource" library="addon.py">
        <provides>executable</provides>
    </extension>

    <extension point="xbmc.service" library="service.py" />

    <extension point="xbmc.addon.metadata">
        <summary lang="en_GB">Zéflix lightweight Wizard</summary>
        <description lang="en_GB">A fully customized version of the Simple Wizard</description>
        <disclaimer lang="en_GB">This Addon contains no content</disclaimer>
        <language>en</language>
        <platform>all</platform>
        <license>GPL-2.0-or-later</license>
        <assets>
            <icon>icon.png</icon>
            <fanart>fanart.jpg</fanart>
        </assets>
    </extension>
</addon>
